{
  "timestamp": "2026-01-23T08:11:55.518612",
  "total_evaluations": 3,
  "metrics": {
    "average_relevance": 0.65,
    "average_groundedness": 0.5333333333333333,
    "average_coherence": 0.5,
    "average_accuracy": 0.3125763125763126,
    "source_compliance_rate": 0.3333333333333333,
    "leak_rate": 0.6666666666666666,
    "kb_coverage_score": 0.6666666666666666,
    "instruction_effectiveness": 0.41666666666666663
  },
  "detailed_metrics": {
    "relevance_distribution": {
      "min": 0.0,
      "max": 1.0,
      "mean": 0.65,
      "median": 0.95
    },
    "groundedness_distribution": {
      "min": 0.0,
      "max": 0.9,
      "mean": 0.5333333333333333,
      "median": 0.7
    },
    "leak_types": {
      "pricing": 1,
      "source_missing": 1
    },
    "source_usage": {
      "BMC_Base_Costos.json": 2
    }
  }
}